,game,move,time,
0,0,"[0, 0]",1701778258.6460774
1,0,"[1, 1]",1701778259.3101177
2,0,"[1, 0]",1701778259.7900233
3,0,"[2, 1]",1701778260.1898644
4,0,"[2, 0]",1701778260.541359
